{
  "8eb1fb8ad6d2a9a4": {
    "friend_fingerprint": "8eb1fb8ad6d2a9a4",
    "friend_node_id": "web_node_2",
    "status": "pending_sent",
    "permissions_granted": {
      "messaging": true,
      "urn_access": true,
      "photo_sharing": false,
      "file_sharing": false,
      "presence_info": true,
      "custom_permissions": {}
    },
    "permissions_received": {
      "messaging": false,
      "urn_access": false,
      "photo_sharing": false,
      "file_sharing": false,
      "presence_info": false,
      "custom_permissions": {}
    },
    "created_at": 1760055482.2069807,
    "last_interaction": 1760055482.206981,
    "trust_score": 1.0,
    "notes": ""
  }
}