{
  "ecd9c3ed69c607ab": {
    "friend_fingerprint": "ecd9c3ed69c607ab",
    "friend_node_id": "web_node_2",
    "status": "pending_sent",
    "permissions_granted": {
      "messaging": true,
      "urn_access": true,
      "photo_sharing": false,
      "file_sharing": false,
      "presence_info": true,
      "custom_permissions": {}
    },
    "permissions_received": {
      "messaging": false,
      "urn_access": false,
      "photo_sharing": false,
      "file_sharing": false,
      "presence_info": false,
      "custom_permissions": {}
    },
    "created_at": 1760053949.7234201,
    "last_interaction": 1760053949.7234204,
    "trust_score": 1.0,
    "notes": ""
  }
}