{
  "d5a263e484210a31": {
    "friend_fingerprint": "d5a263e484210a31",
    "friend_node_id": "web_node_2",
    "status": "pending_sent",
    "permissions_granted": {
      "messaging": true,
      "urn_access": true,
      "photo_sharing": false,
      "file_sharing": false,
      "presence_info": true,
      "custom_permissions": {}
    },
    "permissions_received": {
      "messaging": false,
      "urn_access": false,
      "photo_sharing": false,
      "file_sharing": false,
      "presence_info": false,
      "custom_permissions": {}
    },
    "created_at": 1760098447.5710437,
    "last_interaction": 1760098447.5710442,
    "trust_score": 1.0,
    "notes": ""
  }
}