{
  "ab4a05d6b8e82cb4": {
    "friend_fingerprint": "ab4a05d6b8e82cb4",
    "friend_node_id": "web_node_1760051874",
    "status": "pending_sent",
    "permissions_granted": {
      "messaging": true,
      "urn_access": true,
      "photo_sharing": false,
      "file_sharing": false,
      "presence_info": true,
      "custom_permissions": {}
    },
    "permissions_received": {
      "messaging": false,
      "urn_access": false,
      "photo_sharing": false,
      "file_sharing": false,
      "presence_info": false,
      "custom_permissions": {}
    },
    "created_at": 1760051890.282758,
    "last_interaction": 1760051890.282758,
    "trust_score": 1.0,
    "notes": ""
  },
  "287061e3451a94d1": {
    "friend_fingerprint": "287061e3451a94d1",
    "friend_node_id": "web_node_2",
    "status": "pending_sent",
    "permissions_granted": {
      "messaging": true,
      "urn_access": true,
      "photo_sharing": false,
      "file_sharing": false,
      "presence_info": true,
      "custom_permissions": {}
    },
    "permissions_received": {
      "messaging": false,
      "urn_access": false,
      "photo_sharing": false,
      "file_sharing": false,
      "presence_info": false,
      "custom_permissions": {}
    },
    "created_at": 1760052058.7818499,
    "last_interaction": 1760052058.7818499,
    "trust_score": 1.0,
    "notes": ""
  }
}